title,text,subject,date
Officials announce updated guidelines on vaccination safety,"Officials released updated guidelines on vaccination safety after a scheduled public briefing. The announcement included implementation dates, agency responsibilities, and contact information for follow up questions. The report cited official statements and provided context for affected communities. The article included a clear date, named office, and public contact details for verification.",health,2024-01-01
New public report provides data on election security,"A newly released public report presented current data on election security. The document summarized key findings, explained the method used to collect information, and identified the agency responsible for the report. Officials said additional updates would be published when available.",politics,2024-01-02
Researchers publish study related to school funding,"Researchers published findings related to school funding after reviewing available evidence and data. The article described the study limitations, explained the research method, and included comments from named experts. The report avoided unsupported claims and gave background context.",technology,2024-01-03
City office begins program focused on climate monitoring,"The city office began a program focused on climate monitoring this week. According to the announcement, the program will operate in phases and will be monitored through public reports. Local officials said residents may contact the office for assistance and verification.",education,2024-01-04
Department releases statement about public transportation,"The department released a statement about public transportation following public questions. The statement clarified the timeline, explained the purpose of the action, and referred readers to official channels for additional information. The report included named offices and specific details. The article included a clear date, named office, and public contact details for verification.",environment,2024-01-05
Public hearing held to discuss water quality,"A public hearing was held to discuss water quality. Community representatives, officials, and stakeholders attended the session. The article summarized the proposals discussed, noted concerns raised by participants, and reported the next scheduled steps.",economy,2024-01-06
Agency confirms timeline for online privacy project,"The agency confirmed the timeline for a project related to online privacy. The report included expected milestones, responsible offices, and budget details where available. Officials said progress updates would be shared through official announcements.",public safety,2024-01-07
Education campaign launched for emergency response,"An education campaign was launched to improve public understanding of emergency response. The campaign includes information materials, community briefings, and online resources. Organizers said the goal is to provide accurate and accessible information to residents.",science,2024-01-08
Committee reviews latest figures on food prices,"A committee reviewed the latest figures on food prices during a regular meeting. The report presented statistics, described changes from the previous period, and included comments from named representatives. Further review was scheduled for the following month. The article included a clear date, named office, and public contact details for verification.",local news,2024-01-09
Local authorities issue advisory on community health,"Local authorities issued an advisory on community health to guide residents and organizations. The advisory explained recommended actions, listed official contact points, and clarified that updates would be released through verified channels.",international,2024-01-10
Officials announce updated guidelines on renewable energy,"Officials released updated guidelines on renewable energy after a scheduled public briefing. The announcement included implementation dates, agency responsibilities, and contact information for follow up questions. The report cited official statements and provided context for affected communities.",health,2024-01-11
New public report provides data on student assistance,"A newly released public report presented current data on student assistance. The document summarized key findings, explained the method used to collect information, and identified the agency responsible for the report. Officials said additional updates would be published when available.",politics,2024-01-12
Researchers publish study related to cybersecurity,"Researchers published findings related to cybersecurity after reviewing available evidence and data. The article described the study limitations, explained the research method, and included comments from named experts. The report avoided unsupported claims and gave background context. The article included a clear date, named office, and public contact details for verification.",technology,2024-01-13
City office begins program focused on disaster preparedness,"The city office began a program focused on disaster preparedness this week. According to the announcement, the program will operate in phases and will be monitored through public reports. Local officials said residents may contact the office for assistance and verification.",education,2024-01-14
Department releases statement about traffic management,"The department released a statement about traffic management following public questions. The statement clarified the timeline, explained the purpose of the action, and referred readers to official channels for additional information. The report included named offices and specific details.",environment,2024-01-15
Public hearing held to discuss housing support,"A public hearing was held to discuss housing support. Community representatives, officials, and stakeholders attended the session. The article summarized the proposals discussed, noted concerns raised by participants, and reported the next scheduled steps.",economy,2024-01-16
Agency confirms timeline for employment programs project,"The agency confirmed the timeline for a project related to employment programs. The report included expected milestones, responsible offices, and budget details where available. Officials said progress updates would be shared through official announcements. The article included a clear date, named office, and public contact details for verification.",public safety,2024-01-17
Education campaign launched for medical services,"An education campaign was launched to improve public understanding of medical services. The campaign includes information materials, community briefings, and online resources. Organizers said the goal is to provide accurate and accessible information to residents.",science,2024-01-18
Committee reviews latest figures on environmental cleanup,"A committee reviewed the latest figures on environmental cleanup during a regular meeting. The report presented statistics, described changes from the previous period, and included comments from named representatives. Further review was scheduled for the following month.",local news,2024-01-19
Local authorities issue advisory on digital banking,"Local authorities issued an advisory on digital banking to guide residents and organizations. The advisory explained recommended actions, listed official contact points, and clarified that updates would be released through verified channels.",international,2024-01-20
Officials announce updated guidelines on vaccination safety,"Officials released updated guidelines on vaccination safety after a scheduled public briefing. The announcement included implementation dates, agency responsibilities, and contact information for follow up questions. The report cited official statements and provided context for affected communities. The article included a clear date, named office, and public contact details for verification.",health,2024-01-21
New public report provides data on election security,"A newly released public report presented current data on election security. The document summarized key findings, explained the method used to collect information, and identified the agency responsible for the report. Officials said additional updates would be published when available.",politics,2024-01-22
Researchers publish study related to school funding,"Researchers published findings related to school funding after reviewing available evidence and data. The article described the study limitations, explained the research method, and included comments from named experts. The report avoided unsupported claims and gave background context.",technology,2024-01-23
City office begins program focused on climate monitoring,"The city office began a program focused on climate monitoring this week. According to the announcement, the program will operate in phases and will be monitored through public reports. Local officials said residents may contact the office for assistance and verification.",education,2024-01-24
Department releases statement about public transportation,"The department released a statement about public transportation following public questions. The statement clarified the timeline, explained the purpose of the action, and referred readers to official channels for additional information. The report included named offices and specific details. The article included a clear date, named office, and public contact details for verification.",environment,2024-01-25
Public hearing held to discuss water quality,"A public hearing was held to discuss water quality. Community representatives, officials, and stakeholders attended the session. The article summarized the proposals discussed, noted concerns raised by participants, and reported the next scheduled steps.",economy,2024-01-26
Agency confirms timeline for online privacy project,"The agency confirmed the timeline for a project related to online privacy. The report included expected milestones, responsible offices, and budget details where available. Officials said progress updates would be shared through official announcements.",public safety,2024-01-27
Education campaign launched for emergency response,"An education campaign was launched to improve public understanding of emergency response. The campaign includes information materials, community briefings, and online resources. Organizers said the goal is to provide accurate and accessible information to residents.",science,2024-01-28
Committee reviews latest figures on food prices,"A committee reviewed the latest figures on food prices during a regular meeting. The report presented statistics, described changes from the previous period, and included comments from named representatives. Further review was scheduled for the following month. The article included a clear date, named office, and public contact details for verification.",local news,2024-01-29
Local authorities issue advisory on community health,"Local authorities issued an advisory on community health to guide residents and organizations. The advisory explained recommended actions, listed official contact points, and clarified that updates would be released through verified channels.",international,2024-01-30
Officials announce updated guidelines on renewable energy,"Officials released updated guidelines on renewable energy after a scheduled public briefing. The announcement included implementation dates, agency responsibilities, and contact information for follow up questions. The report cited official statements and provided context for affected communities.",health,2024-01-31
New public report provides data on student assistance,"A newly released public report presented current data on student assistance. The document summarized key findings, explained the method used to collect information, and identified the agency responsible for the report. Officials said additional updates would be published when available.",politics,2024-02-01
Researchers publish study related to cybersecurity,"Researchers published findings related to cybersecurity after reviewing available evidence and data. The article described the study limitations, explained the research method, and included comments from named experts. The report avoided unsupported claims and gave background context. The article included a clear date, named office, and public contact details for verification.",technology,2024-02-02
City office begins program focused on disaster preparedness,"The city office began a program focused on disaster preparedness this week. According to the announcement, the program will operate in phases and will be monitored through public reports. Local officials said residents may contact the office for assistance and verification.",education,2024-02-03
Department releases statement about traffic management,"The department released a statement about traffic management following public questions. The statement clarified the timeline, explained the purpose of the action, and referred readers to official channels for additional information. The report included named offices and specific details.",environment,2024-02-04
Public hearing held to discuss housing support,"A public hearing was held to discuss housing support. Community representatives, officials, and stakeholders attended the session. The article summarized the proposals discussed, noted concerns raised by participants, and reported the next scheduled steps.",economy,2024-02-05
Agency confirms timeline for employment programs project,"The agency confirmed the timeline for a project related to employment programs. The report included expected milestones, responsible offices, and budget details where available. Officials said progress updates would be shared through official announcements. The article included a clear date, named office, and public contact details for verification.",public safety,2024-02-06
Education campaign launched for medical services,"An education campaign was launched to improve public understanding of medical services. The campaign includes information materials, community briefings, and online resources. Organizers said the goal is to provide accurate and accessible information to residents.",science,2024-02-07
Committee reviews latest figures on environmental cleanup,"A committee reviewed the latest figures on environmental cleanup during a regular meeting. The report presented statistics, described changes from the previous period, and included comments from named representatives. Further review was scheduled for the following month.",local news,2024-02-08
Local authorities issue advisory on digital banking,"Local authorities issued an advisory on digital banking to guide residents and organizations. The advisory explained recommended actions, listed official contact points, and clarified that updates would be released through verified channels.",international,2024-02-09
Officials announce updated guidelines on vaccination safety,"Officials released updated guidelines on vaccination safety after a scheduled public briefing. The announcement included implementation dates, agency responsibilities, and contact information for follow up questions. The report cited official statements and provided context for affected communities. The article included a clear date, named office, and public contact details for verification.",health,2024-02-10
New public report provides data on election security,"A newly released public report presented current data on election security. The document summarized key findings, explained the method used to collect information, and identified the agency responsible for the report. Officials said additional updates would be published when available.",politics,2024-02-11
Researchers publish study related to school funding,"Researchers published findings related to school funding after reviewing available evidence and data. The article described the study limitations, explained the research method, and included comments from named experts. The report avoided unsupported claims and gave background context.",technology,2024-02-12
City office begins program focused on climate monitoring,"The city office began a program focused on climate monitoring this week. According to the announcement, the program will operate in phases and will be monitored through public reports. Local officials said residents may contact the office for assistance and verification.",education,2024-02-13
Department releases statement about public transportation,"The department released a statement about public transportation following public questions. The statement clarified the timeline, explained the purpose of the action, and referred readers to official channels for additional information. The report included named offices and specific details. The article included a clear date, named office, and public contact details for verification.",environment,2024-02-14
Public hearing held to discuss water quality,"A public hearing was held to discuss water quality. Community representatives, officials, and stakeholders attended the session. The article summarized the proposals discussed, noted concerns raised by participants, and reported the next scheduled steps.",economy,2024-02-15
Agency confirms timeline for online privacy project,"The agency confirmed the timeline for a project related to online privacy. The report included expected milestones, responsible offices, and budget details where available. Officials said progress updates would be shared through official announcements.",public safety,2024-02-16
Education campaign launched for emergency response,"An education campaign was launched to improve public understanding of emergency response. The campaign includes information materials, community briefings, and online resources. Organizers said the goal is to provide accurate and accessible information to residents.",science,2024-02-17
Committee reviews latest figures on food prices,"A committee reviewed the latest figures on food prices during a regular meeting. The report presented statistics, described changes from the previous period, and included comments from named representatives. Further review was scheduled for the following month. The article included a clear date, named office, and public contact details for verification.",local news,2024-02-18
Local authorities issue advisory on community health,"Local authorities issued an advisory on community health to guide residents and organizations. The advisory explained recommended actions, listed official contact points, and clarified that updates would be released through verified channels.",international,2024-02-19
Officials announce updated guidelines on renewable energy,"Officials released updated guidelines on renewable energy after a scheduled public briefing. The announcement included implementation dates, agency responsibilities, and contact information for follow up questions. The report cited official statements and provided context for affected communities.",health,2024-02-20
New public report provides data on student assistance,"A newly released public report presented current data on student assistance. The document summarized key findings, explained the method used to collect information, and identified the agency responsible for the report. Officials said additional updates would be published when available.",politics,2024-02-21
Researchers publish study related to cybersecurity,"Researchers published findings related to cybersecurity after reviewing available evidence and data. The article described the study limitations, explained the research method, and included comments from named experts. The report avoided unsupported claims and gave background context. The article included a clear date, named office, and public contact details for verification.",technology,2024-02-22
City office begins program focused on disaster preparedness,"The city office began a program focused on disaster preparedness this week. According to the announcement, the program will operate in phases and will be monitored through public reports. Local officials said residents may contact the office for assistance and verification.",education,2024-02-23
Department releases statement about traffic management,"The department released a statement about traffic management following public questions. The statement clarified the timeline, explained the purpose of the action, and referred readers to official channels for additional information. The report included named offices and specific details.",environment,2024-02-24
Public hearing held to discuss housing support,"A public hearing was held to discuss housing support. Community representatives, officials, and stakeholders attended the session. The article summarized the proposals discussed, noted concerns raised by participants, and reported the next scheduled steps.",economy,2024-02-25
Agency confirms timeline for employment programs project,"The agency confirmed the timeline for a project related to employment programs. The report included expected milestones, responsible offices, and budget details where available. Officials said progress updates would be shared through official announcements. The article included a clear date, named office, and public contact details for verification.",public safety,2024-02-26
Education campaign launched for medical services,"An education campaign was launched to improve public understanding of medical services. The campaign includes information materials, community briefings, and online resources. Organizers said the goal is to provide accurate and accessible information to residents.",science,2024-02-27
Committee reviews latest figures on environmental cleanup,"A committee reviewed the latest figures on environmental cleanup during a regular meeting. The report presented statistics, described changes from the previous period, and included comments from named representatives. Further review was scheduled for the following month.",local news,2024-02-28
Local authorities issue advisory on digital banking,"Local authorities issued an advisory on digital banking to guide residents and organizations. The advisory explained recommended actions, listed official contact points, and clarified that updates would be released through verified channels.",international,2024-02-29
Officials announce updated guidelines on vaccination safety,"Officials released updated guidelines on vaccination safety after a scheduled public briefing. The announcement included implementation dates, agency responsibilities, and contact information for follow up questions. The report cited official statements and provided context for affected communities. The article included a clear date, named office, and public contact details for verification.",health,2024-03-01
New public report provides data on election security,"A newly released public report presented current data on election security. The document summarized key findings, explained the method used to collect information, and identified the agency responsible for the report. Officials said additional updates would be published when available.",politics,2024-03-02
Researchers publish study related to school funding,"Researchers published findings related to school funding after reviewing available evidence and data. The article described the study limitations, explained the research method, and included comments from named experts. The report avoided unsupported claims and gave background context.",technology,2024-03-03
City office begins program focused on climate monitoring,"The city office began a program focused on climate monitoring this week. According to the announcement, the program will operate in phases and will be monitored through public reports. Local officials said residents may contact the office for assistance and verification.",education,2024-03-04
Department releases statement about public transportation,"The department released a statement about public transportation following public questions. The statement clarified the timeline, explained the purpose of the action, and referred readers to official channels for additional information. The report included named offices and specific details. The article included a clear date, named office, and public contact details for verification.",environment,2024-03-05
Public hearing held to discuss water quality,"A public hearing was held to discuss water quality. Community representatives, officials, and stakeholders attended the session. The article summarized the proposals discussed, noted concerns raised by participants, and reported the next scheduled steps.",economy,2024-03-06
Agency confirms timeline for online privacy project,"The agency confirmed the timeline for a project related to online privacy. The report included expected milestones, responsible offices, and budget details where available. Officials said progress updates would be shared through official announcements.",public safety,2024-03-07
Education campaign launched for emergency response,"An education campaign was launched to improve public understanding of emergency response. The campaign includes information materials, community briefings, and online resources. Organizers said the goal is to provide accurate and accessible information to residents.",science,2024-03-08
Committee reviews latest figures on food prices,"A committee reviewed the latest figures on food prices during a regular meeting. The report presented statistics, described changes from the previous period, and included comments from named representatives. Further review was scheduled for the following month. The article included a clear date, named office, and public contact details for verification.",local news,2024-03-09
Local authorities issue advisory on community health,"Local authorities issued an advisory on community health to guide residents and organizations. The advisory explained recommended actions, listed official contact points, and clarified that updates would be released through verified channels.",international,2024-03-10
Officials announce updated guidelines on renewable energy,"Officials released updated guidelines on renewable energy after a scheduled public briefing. The announcement included implementation dates, agency responsibilities, and contact information for follow up questions. The report cited official statements and provided context for affected communities.",health,2024-03-11
New public report provides data on student assistance,"A newly released public report presented current data on student assistance. The document summarized key findings, explained the method used to collect information, and identified the agency responsible for the report. Officials said additional updates would be published when available.",politics,2024-03-12
Researchers publish study related to cybersecurity,"Researchers published findings related to cybersecurity after reviewing available evidence and data. The article described the study limitations, explained the research method, and included comments from named experts. The report avoided unsupported claims and gave background context. The article included a clear date, named office, and public contact details for verification.",technology,2024-03-13
City office begins program focused on disaster preparedness,"The city office began a program focused on disaster preparedness this week. According to the announcement, the program will operate in phases and will be monitored through public reports. Local officials said residents may contact the office for assistance and verification.",education,2024-03-14
Department releases statement about traffic management,"The department released a statement about traffic management following public questions. The statement clarified the timeline, explained the purpose of the action, and referred readers to official channels for additional information. The report included named offices and specific details.",environment,2024-03-15
Public hearing held to discuss housing support,"A public hearing was held to discuss housing support. Community representatives, officials, and stakeholders attended the session. The article summarized the proposals discussed, noted concerns raised by participants, and reported the next scheduled steps.",economy,2024-03-16
Agency confirms timeline for employment programs project,"The agency confirmed the timeline for a project related to employment programs. The report included expected milestones, responsible offices, and budget details where available. Officials said progress updates would be shared through official announcements. The article included a clear date, named office, and public contact details for verification.",public safety,2024-03-17
Education campaign launched for medical services,"An education campaign was launched to improve public understanding of medical services. The campaign includes information materials, community briefings, and online resources. Organizers said the goal is to provide accurate and accessible information to residents.",science,2024-03-18
Committee reviews latest figures on environmental cleanup,"A committee reviewed the latest figures on environmental cleanup during a regular meeting. The report presented statistics, described changes from the previous period, and included comments from named representatives. Further review was scheduled for the following month.",local news,2024-03-19
Local authorities issue advisory on digital banking,"Local authorities issued an advisory on digital banking to guide residents and organizations. The advisory explained recommended actions, listed official contact points, and clarified that updates would be released through verified channels.",international,2024-03-20
Officials announce updated guidelines on vaccination safety,"Officials released updated guidelines on vaccination safety after a scheduled public briefing. The announcement included implementation dates, agency responsibilities, and contact information for follow up questions. The report cited official statements and provided context for affected communities. The article included a clear date, named office, and public contact details for verification.",health,2024-03-21
New public report provides data on election security,"A newly released public report presented current data on election security. The document summarized key findings, explained the method used to collect information, and identified the agency responsible for the report. Officials said additional updates would be published when available.",politics,2024-03-22
Researchers publish study related to school funding,"Researchers published findings related to school funding after reviewing available evidence and data. The article described the study limitations, explained the research method, and included comments from named experts. The report avoided unsupported claims and gave background context.",technology,2024-03-23
City office begins program focused on climate monitoring,"The city office began a program focused on climate monitoring this week. According to the announcement, the program will operate in phases and will be monitored through public reports. Local officials said residents may contact the office for assistance and verification.",education,2024-03-24
Department releases statement about public transportation,"The department released a statement about public transportation following public questions. The statement clarified the timeline, explained the purpose of the action, and referred readers to official channels for additional information. The report included named offices and specific details. The article included a clear date, named office, and public contact details for verification.",environment,2024-03-25
Public hearing held to discuss water quality,"A public hearing was held to discuss water quality. Community representatives, officials, and stakeholders attended the session. The article summarized the proposals discussed, noted concerns raised by participants, and reported the next scheduled steps.",economy,2024-03-26
Agency confirms timeline for online privacy project,"The agency confirmed the timeline for a project related to online privacy. The report included expected milestones, responsible offices, and budget details where available. Officials said progress updates would be shared through official announcements.",public safety,2024-03-27
Education campaign launched for emergency response,"An education campaign was launched to improve public understanding of emergency response. The campaign includes information materials, community briefings, and online resources. Organizers said the goal is to provide accurate and accessible information to residents.",science,2024-03-28
Committee reviews latest figures on food prices,"A committee reviewed the latest figures on food prices during a regular meeting. The report presented statistics, described changes from the previous period, and included comments from named representatives. Further review was scheduled for the following month. The article included a clear date, named office, and public contact details for verification.",local news,2024-03-29
Local authorities issue advisory on community health,"Local authorities issued an advisory on community health to guide residents and organizations. The advisory explained recommended actions, listed official contact points, and clarified that updates would be released through verified channels.",international,2024-03-30
Officials announce updated guidelines on renewable energy,"Officials released updated guidelines on renewable energy after a scheduled public briefing. The announcement included implementation dates, agency responsibilities, and contact information for follow up questions. The report cited official statements and provided context for affected communities.",health,2024-03-31
New public report provides data on student assistance,"A newly released public report presented current data on student assistance. The document summarized key findings, explained the method used to collect information, and identified the agency responsible for the report. Officials said additional updates would be published when available.",politics,2024-04-01
Researchers publish study related to cybersecurity,"Researchers published findings related to cybersecurity after reviewing available evidence and data. The article described the study limitations, explained the research method, and included comments from named experts. The report avoided unsupported claims and gave background context. The article included a clear date, named office, and public contact details for verification.",technology,2024-04-02
City office begins program focused on disaster preparedness,"The city office began a program focused on disaster preparedness this week. According to the announcement, the program will operate in phases and will be monitored through public reports. Local officials said residents may contact the office for assistance and verification.",education,2024-04-03
Department releases statement about traffic management,"The department released a statement about traffic management following public questions. The statement clarified the timeline, explained the purpose of the action, and referred readers to official channels for additional information. The report included named offices and specific details.",environment,2024-04-04
Public hearing held to discuss housing support,"A public hearing was held to discuss housing support. Community representatives, officials, and stakeholders attended the session. The article summarized the proposals discussed, noted concerns raised by participants, and reported the next scheduled steps.",economy,2024-04-05
Agency confirms timeline for employment programs project,"The agency confirmed the timeline for a project related to employment programs. The report included expected milestones, responsible offices, and budget details where available. Officials said progress updates would be shared through official announcements. The article included a clear date, named office, and public contact details for verification.",public safety,2024-04-06
Education campaign launched for medical services,"An education campaign was launched to improve public understanding of medical services. The campaign includes information materials, community briefings, and online resources. Organizers said the goal is to provide accurate and accessible information to residents.",science,2024-04-07
Committee reviews latest figures on environmental cleanup,"A committee reviewed the latest figures on environmental cleanup during a regular meeting. The report presented statistics, described changes from the previous period, and included comments from named representatives. Further review was scheduled for the following month.",local news,2024-04-08
Local authorities issue advisory on digital banking,"Local authorities issued an advisory on digital banking to guide residents and organizations. The advisory explained recommended actions, listed official contact points, and clarified that updates would be released through verified channels.",international,2024-04-09
Officials announce updated guidelines on vaccination safety,"Officials released updated guidelines on vaccination safety after a scheduled public briefing. The announcement included implementation dates, agency responsibilities, and contact information for follow up questions. The report cited official statements and provided context for affected communities. The article included a clear date, named office, and public contact details for verification.",health,2024-04-10
New public report provides data on election security,"A newly released public report presented current data on election security. The document summarized key findings, explained the method used to collect information, and identified the agency responsible for the report. Officials said additional updates would be published when available.",politics,2024-04-11
Researchers publish study related to school funding,"Researchers published findings related to school funding after reviewing available evidence and data. The article described the study limitations, explained the research method, and included comments from named experts. The report avoided unsupported claims and gave background context.",technology,2024-04-12
City office begins program focused on climate monitoring,"The city office began a program focused on climate monitoring this week. According to the announcement, the program will operate in phases and will be monitored through public reports. Local officials said residents may contact the office for assistance and verification.",education,2024-04-13
Department releases statement about public transportation,"The department released a statement about public transportation following public questions. The statement clarified the timeline, explained the purpose of the action, and referred readers to official channels for additional information. The report included named offices and specific details. The article included a clear date, named office, and public contact details for verification.",environment,2024-04-14
Public hearing held to discuss water quality,"A public hearing was held to discuss water quality. Community representatives, officials, and stakeholders attended the session. The article summarized the proposals discussed, noted concerns raised by participants, and reported the next scheduled steps.",economy,2024-04-15
Agency confirms timeline for online privacy project,"The agency confirmed the timeline for a project related to online privacy. The report included expected milestones, responsible offices, and budget details where available. Officials said progress updates would be shared through official announcements.",public safety,2024-04-16
Education campaign launched for emergency response,"An education campaign was launched to improve public understanding of emergency response. The campaign includes information materials, community briefings, and online resources. Organizers said the goal is to provide accurate and accessible information to residents.",science,2024-04-17
Committee reviews latest figures on food prices,"A committee reviewed the latest figures on food prices during a regular meeting. The report presented statistics, described changes from the previous period, and included comments from named representatives. Further review was scheduled for the following month. The article included a clear date, named office, and public contact details for verification.",local news,2024-04-18
Local authorities issue advisory on community health,"Local authorities issued an advisory on community health to guide residents and organizations. The advisory explained recommended actions, listed official contact points, and clarified that updates would be released through verified channels.",international,2024-04-19
Officials announce updated guidelines on renewable energy,"Officials released updated guidelines on renewable energy after a scheduled public briefing. The announcement included implementation dates, agency responsibilities, and contact information for follow up questions. The report cited official statements and provided context for affected communities.",health,2024-04-20
New public report provides data on student assistance,"A newly released public report presented current data on student assistance. The document summarized key findings, explained the method used to collect information, and identified the agency responsible for the report. Officials said additional updates would be published when available.",politics,2024-04-21
Researchers publish study related to cybersecurity,"Researchers published findings related to cybersecurity after reviewing available evidence and data. The article described the study limitations, explained the research method, and included comments from named experts. The report avoided unsupported claims and gave background context. The article included a clear date, named office, and public contact details for verification.",technology,2024-04-22
City office begins program focused on disaster preparedness,"The city office began a program focused on disaster preparedness this week. According to the announcement, the program will operate in phases and will be monitored through public reports. Local officials said residents may contact the office for assistance and verification.",education,2024-04-23
Department releases statement about traffic management,"The department released a statement about traffic management following public questions. The statement clarified the timeline, explained the purpose of the action, and referred readers to official channels for additional information. The report included named offices and specific details.",environment,2024-04-24
Public hearing held to discuss housing support,"A public hearing was held to discuss housing support. Community representatives, officials, and stakeholders attended the session. The article summarized the proposals discussed, noted concerns raised by participants, and reported the next scheduled steps.",economy,2024-04-25
Agency confirms timeline for employment programs project,"The agency confirmed the timeline for a project related to employment programs. The report included expected milestones, responsible offices, and budget details where available. Officials said progress updates would be shared through official announcements. The article included a clear date, named office, and public contact details for verification.",public safety,2024-04-26
Education campaign launched for medical services,"An education campaign was launched to improve public understanding of medical services. The campaign includes information materials, community briefings, and online resources. Organizers said the goal is to provide accurate and accessible information to residents.",science,2024-04-27
Committee reviews latest figures on environmental cleanup,"A committee reviewed the latest figures on environmental cleanup during a regular meeting. The report presented statistics, described changes from the previous period, and included comments from named representatives. Further review was scheduled for the following month.",local news,2024-04-28
Local authorities issue advisory on digital banking,"Local authorities issued an advisory on digital banking to guide residents and organizations. The advisory explained recommended actions, listed official contact points, and clarified that updates would be released through verified channels.",international,2024-04-29
